<?xml version="1.0" encoding="UTF-8"?>
<SAMPLE_SET>
  <SAMPLE alias="SARS Sample 1 programmatic">
    <TITLE>SARS Sample 1</TITLE>
    <SAMPLE_NAME>
      <TAXON_ID>2697049</TAXON_ID>
      <SCIENTIFIC_NAME>Severe acute respiratory syndrome coronavirus 2</SCIENTIFIC_NAME>
    </SAMPLE_NAME>
    <DESCRIPTION>SARS-CoV-2 Sample #1</DESCRIPTION>
    <SAMPLE_ATTRIBUTES>
      <SAMPLE_ATTRIBUTE>
        <TAG>collection date</TAG>
        <VALUE>2020-09-20</VALUE>
      </SAMPLE_ATTRIBUTE>
      <SAMPLE_ATTRIBUTE>
        <TAG>geographic location (country and/or sea)</TAG>
        <VALUE>Switzerland</VALUE>
      </SAMPLE_ATTRIBUTE>
      <SAMPLE_ATTRIBUTE>
        <TAG>host common name</TAG>
        <VALUE>Homo Sapiens</VALUE>
      </SAMPLE_ATTRIBUTE>
      <SAMPLE_ATTRIBUTE>
        <TAG>host subject id</TAG>
        <VALUE>1</VALUE>
      </SAMPLE_ATTRIBUTE>
      <SAMPLE_ATTRIBUTE>
        <TAG>host health state</TAG>
        <VALUE>diseased</VALUE>
      </SAMPLE_ATTRIBUTE>
      <SAMPLE_ATTRIBUTE>
        <TAG>host sex</TAG>
        <VALUE>male</VALUE>
      </SAMPLE_ATTRIBUTE>
      <SAMPLE_ATTRIBUTE>
        <TAG>host scientific name</TAG>
        <VALUE>homo sapiens</VALUE>
      </SAMPLE_ATTRIBUTE>
      <SAMPLE_ATTRIBUTE>
        <TAG>collector name</TAG>
        <VALUE>Michael C</VALUE>
      </SAMPLE_ATTRIBUTE>
      <SAMPLE_ATTRIBUTE>
        <TAG>collecting institution</TAG>
        <VALUE>Institute for Infectious Diseases, University of Bern</VALUE>
      </SAMPLE_ATTRIBUTE>
      <SAMPLE_ATTRIBUTE>
        <TAG>isolate</TAG>
        <VALUE>hCoV-19/isolate/1</VALUE>
      </SAMPLE_ATTRIBUTE>
      <SAMPLE_ATTRIBUTE>
        <TAG>receipt date</TAG>
        <VALUE>2020-09-22</VALUE>
      </SAMPLE_ATTRIBUTE>
      <SAMPLE_ATTRIBUTE>
        <TAG>sample capture status</TAG>
        <VALUE>active surveillance in response to outbreak</VALUE>
      </SAMPLE_ATTRIBUTE>
      <SAMPLE_ATTRIBUTE>
        <TAG>geographic location (latitude)</TAG>
        <VALUE>46.8182</VALUE>
        <UNITS>DD</UNITS>
      </SAMPLE_ATTRIBUTE>
      <SAMPLE_ATTRIBUTE>
        <TAG>geographic location (longitude)</TAG>
        <VALUE>8.2275</VALUE>
        <UNITS>DD</UNITS>
      </SAMPLE_ATTRIBUTE>
      <SAMPLE_ATTRIBUTE>
        <TAG>geographic location (region and locality)</TAG>
        <VALUE>Bern</VALUE>
      </SAMPLE_ATTRIBUTE>
      <SAMPLE_ATTRIBUTE>
        <TAG>host disease outcome</TAG>
        <VALUE>recovered</VALUE>
      </SAMPLE_ATTRIBUTE>
      <SAMPLE_ATTRIBUTE>
        <TAG>host age</TAG>
        <VALUE>25</VALUE>
        <UNITS>years</UNITS>
      </SAMPLE_ATTRIBUTE>
      <SAMPLE_ATTRIBUTE>
        <TAG>virus identifier</TAG>
        <VALUE>SS1</VALUE>
      </SAMPLE_ATTRIBUTE>
      <SAMPLE_ATTRIBUTE>
        <TAG>definition for seropositive sample</TAG>
        <VALUE>80</VALUE>
      </SAMPLE_ATTRIBUTE>
      <SAMPLE_ATTRIBUTE>
        <TAG>host habitat</TAG>
        <VALUE>other</VALUE>
      </SAMPLE_ATTRIBUTE>
      <SAMPLE_ATTRIBUTE>
        <TAG>isolation source host-associated</TAG>
        <VALUE>Nasopharyngeal exudate</VALUE>
      </SAMPLE_ATTRIBUTE>
      <SAMPLE_ATTRIBUTE>
        <TAG>host behaviour</TAG>
        <VALUE>domestic</VALUE>
      </SAMPLE_ATTRIBUTE>
      <SAMPLE_ATTRIBUTE>
        <TAG>ENA-CHECKLIST</TAG>
        <VALUE>ERC000033</VALUE>
      </SAMPLE_ATTRIBUTE>
    </SAMPLE_ATTRIBUTES>
  </SAMPLE>
  <SAMPLE alias="SARS Sample 2 programmatic">
    <TITLE>SARS Sample 2</TITLE>
    <SAMPLE_NAME>
      <TAXON_ID>2697049</TAXON_ID>
      <SCIENTIFIC_NAME>Severe acute respiratory syndrome coronavirus 2</SCIENTIFIC_NAME>
    </SAMPLE_NAME>
    <DESCRIPTION>SARS-CoV-2 Sample #2</DESCRIPTION>
    <SAMPLE_ATTRIBUTES>
      <SAMPLE_ATTRIBUTE>
        <TAG>collection date</TAG>
        <VALUE>2020-09-20</VALUE>
      </SAMPLE_ATTRIBUTE>
      <SAMPLE_ATTRIBUTE>
        <TAG>geographic location (country and/or sea)</TAG>
        <VALUE>Switzerland</VALUE>
      </SAMPLE_ATTRIBUTE>
      <SAMPLE_ATTRIBUTE>
        <TAG>host common name</TAG>
        <VALUE>Homo Sapiens</VALUE>
      </SAMPLE_ATTRIBUTE>
      <SAMPLE_ATTRIBUTE>
        <TAG>host subject id</TAG>
        <VALUE>2</VALUE>
      </SAMPLE_ATTRIBUTE>
      <SAMPLE_ATTRIBUTE>
        <TAG>host health state</TAG>
        <VALUE>diseased</VALUE>
      </SAMPLE_ATTRIBUTE>
      <SAMPLE_ATTRIBUTE>
        <TAG>host sex</TAG>
        <VALUE>male</VALUE>
      </SAMPLE_ATTRIBUTE>
      <SAMPLE_ATTRIBUTE>
        <TAG>host scientific name</TAG>
        <VALUE>homo sapiens</VALUE>
      </SAMPLE_ATTRIBUTE>
      <SAMPLE_ATTRIBUTE>
        <TAG>collector name</TAG>
        <VALUE>Michael C</VALUE>
      </SAMPLE_ATTRIBUTE>
      <SAMPLE_ATTRIBUTE>
        <TAG>collecting institution</TAG>
        <VALUE>Institute for Infectious Diseases, University of Bern</VALUE>
      </SAMPLE_ATTRIBUTE>
      <SAMPLE_ATTRIBUTE>
        <TAG>isolate</TAG>
        <VALUE>hCoV-19/isolate/2</VALUE>
      </SAMPLE_ATTRIBUTE>
      <SAMPLE_ATTRIBUTE>
        <TAG>receipt date</TAG>
        <VALUE>2020-09-22</VALUE>
      </SAMPLE_ATTRIBUTE>
      <SAMPLE_ATTRIBUTE>
        <TAG>sample capture status</TAG>
        <VALUE>active surveillance in response to outbreak</VALUE>
      </SAMPLE_ATTRIBUTE>
      <SAMPLE_ATTRIBUTE>
        <TAG>geographic location (latitude)</TAG>
        <VALUE>46.8182</VALUE>
        <UNITS>DD</UNITS>
      </SAMPLE_ATTRIBUTE>
      <SAMPLE_ATTRIBUTE>
        <TAG>geographic location (longitude)</TAG>
        <VALUE>8.2275</VALUE>
        <UNITS>DD</UNITS>
      </SAMPLE_ATTRIBUTE>
      <SAMPLE_ATTRIBUTE>
        <TAG>geographic location (region and locality)</TAG>
        <VALUE>Bern</VALUE>
      </SAMPLE_ATTRIBUTE>
      <SAMPLE_ATTRIBUTE>
        <TAG>host disease outcome</TAG>
        <VALUE>recovered</VALUE>
      </SAMPLE_ATTRIBUTE>
      <SAMPLE_ATTRIBUTE>
        <TAG>host age</TAG>
        <VALUE>25</VALUE>
        <UNITS>years</UNITS>
      </SAMPLE_ATTRIBUTE>
      <SAMPLE_ATTRIBUTE>
        <TAG>virus identifier</TAG>
        <VALUE>SS1</VALUE>
      </SAMPLE_ATTRIBUTE>
      <SAMPLE_ATTRIBUTE>
        <TAG>definition for seropositive sample</TAG>
        <VALUE>80</VALUE>
      </SAMPLE_ATTRIBUTE>
      <SAMPLE_ATTRIBUTE>
        <TAG>host habitat</TAG>
        <VALUE>other</VALUE>
      </SAMPLE_ATTRIBUTE>
      <SAMPLE_ATTRIBUTE>
        <TAG>isolation source host-associated</TAG>
        <VALUE>Nasopharyngeal exudate</VALUE>
      </SAMPLE_ATTRIBUTE>
      <SAMPLE_ATTRIBUTE>
        <TAG>host behaviour</TAG>
        <VALUE>domestic</VALUE>
      </SAMPLE_ATTRIBUTE>
      <SAMPLE_ATTRIBUTE>
        <TAG>ENA-CHECKLIST</TAG>
        <VALUE>ERC000033</VALUE>
      </SAMPLE_ATTRIBUTE>
    </SAMPLE_ATTRIBUTES>
  </SAMPLE>
  <SAMPLE alias="SARS Sample 3">
    <TITLE>SARS Sample 3</TITLE>
    <SAMPLE_NAME>
      <TAXON_ID>2697049</TAXON_ID>
      <SCIENTIFIC_NAME>Severe acute respiratory syndrome coronavirus 2</SCIENTIFIC_NAME>
    </SAMPLE_NAME>
    <DESCRIPTION>SARS-CoV-2 Sample #3</DESCRIPTION>
    <SAMPLE_ATTRIBUTES>
      <SAMPLE_ATTRIBUTE>
        <TAG>collection date</TAG>
        <VALUE>2020-09-20</VALUE>
      </SAMPLE_ATTRIBUTE>
      <SAMPLE_ATTRIBUTE>
        <TAG>geographic location (country and/or sea)</TAG>
        <VALUE>Switzerland</VALUE>
      </SAMPLE_ATTRIBUTE>
      <SAMPLE_ATTRIBUTE>
        <TAG>host common name</TAG>
        <VALUE>Homo Sapiens</VALUE>
      </SAMPLE_ATTRIBUTE>
      <SAMPLE_ATTRIBUTE>
        <TAG>host subject id</TAG>
        <VALUE>3</VALUE>
      </SAMPLE_ATTRIBUTE>
      <SAMPLE_ATTRIBUTE>
        <TAG>host health state</TAG>
        <VALUE>diseased</VALUE>
      </SAMPLE_ATTRIBUTE>
      <SAMPLE_ATTRIBUTE>
        <TAG>host sex</TAG>
        <VALUE>female</VALUE>
      </SAMPLE_ATTRIBUTE>
      <SAMPLE_ATTRIBUTE>
        <TAG>host scientific name</TAG>
        <VALUE>homo sapiens</VALUE>
      </SAMPLE_ATTRIBUTE>
      <SAMPLE_ATTRIBUTE>
        <TAG>collector name</TAG>
        <VALUE>Michael C</VALUE>
      </SAMPLE_ATTRIBUTE>
      <SAMPLE_ATTRIBUTE>
        <TAG>collecting institution</TAG>
        <VALUE>Institute for Infectious Diseases, University of Bern</VALUE>
      </SAMPLE_ATTRIBUTE>
      <SAMPLE_ATTRIBUTE>
        <TAG>isolate</TAG>
        <VALUE>hCoV-19/isolate/3</VALUE>
      </SAMPLE_ATTRIBUTE>
      <SAMPLE_ATTRIBUTE>
        <TAG>receipt date</TAG>
        <VALUE>2020-09-22</VALUE>
      </SAMPLE_ATTRIBUTE>
      <SAMPLE_ATTRIBUTE>
        <TAG>sample capture status</TAG>
        <VALUE>active surveillance in response to outbreak</VALUE>
      </SAMPLE_ATTRIBUTE>
      <SAMPLE_ATTRIBUTE>
        <TAG>geographic location (latitude)</TAG>
        <VALUE>46.8182</VALUE>
        <UNITS>DD</UNITS>
      </SAMPLE_ATTRIBUTE>
      <SAMPLE_ATTRIBUTE>
        <TAG>geographic location (longitude)</TAG>
        <VALUE>8.2275</VALUE>
        <UNITS>DD</UNITS>
      </SAMPLE_ATTRIBUTE>
      <SAMPLE_ATTRIBUTE>
        <TAG>geographic location (region and locality)</TAG>
        <VALUE>Bern</VALUE>
      </SAMPLE_ATTRIBUTE>
      <SAMPLE_ATTRIBUTE>
        <TAG>host disease outcome</TAG>
        <VALUE>recovered</VALUE>
      </SAMPLE_ATTRIBUTE>
      <SAMPLE_ATTRIBUTE>
        <TAG>host age</TAG>
        <VALUE>40</VALUE>
        <UNITS>years</UNITS>
      </SAMPLE_ATTRIBUTE>
      <SAMPLE_ATTRIBUTE>
        <TAG>virus identifier</TAG>
        <VALUE>SS1</VALUE>
      </SAMPLE_ATTRIBUTE>
      <SAMPLE_ATTRIBUTE>
        <TAG>definition for seropositive sample</TAG>
        <VALUE>80</VALUE>
      </SAMPLE_ATTRIBUTE>
      <SAMPLE_ATTRIBUTE>
        <TAG>host habitat</TAG>
        <VALUE>other</VALUE>
      </SAMPLE_ATTRIBUTE>
      <SAMPLE_ATTRIBUTE>
        <TAG>isolation source host-associated</TAG>
        <VALUE>Nasopharyngeal exudate</VALUE>
      </SAMPLE_ATTRIBUTE>
      <SAMPLE_ATTRIBUTE>
        <TAG>host behaviour</TAG>
        <VALUE>domestic</VALUE>
      </SAMPLE_ATTRIBUTE>
      <SAMPLE_ATTRIBUTE>
        <TAG>ENA-CHECKLIST</TAG>
        <VALUE>ERC000033</VALUE>
      </SAMPLE_ATTRIBUTE>
    </SAMPLE_ATTRIBUTES>
  </SAMPLE>
</SAMPLE_SET>
