FileType	fastq	Read submission file type															
sample	study	instrument_model	library_name	library_source	library_selection	library_strategy	library_layout	forward_file_name	forward_file_md5	reverse_file_name	reverse_file_md5	library_design	library_construction_protocol	design_description	insert_size	forward_file_unencrypted_md5	reverse_file_unencrypted_md5
ERS#######	PRJEB#####	Illumina NovaSeq 6000	SARS-CoV-2 library 1	VIRAL RNA	RT-PCR	AMPLICON	PAIRED	SARS-CoV-2-Sample1_1.fastq.gz	79fd9a51e0a56882ad33bcc8c1ab9cde	SARS-CoV-2-Sample1_2.fastq.gz	31b0061cb66950132e4cac8e559c8851			Amplicons were cleaned-up with AMPure XP beads (Beckman Coulter) with a 1:1 ratio and amplicon concentrations were quantified with the Qubit Fluorometric Quantitation system (Life Technologies)	100		
ERS#######	PRJEB#####	Illumina NovaSeq 6000	SARS-CoV-2 library 2	VIRAL RNA	RT-PCR	AMPLICON	PAIRED	SARS-CoV-2-Sample2_1.fastq.gz	79fd9a51e0a56882ad33bcc8c1ab9cde	SARS-CoV-2-Sample2_2.fastq.gz	31b0061cb66950132e4cac8e559c8851			Amplicons were cleaned-up with AMPure XP beads (Beckman Coulter) with a 1:1 ratio and amplicon concentrations were quantified with the Qubit Fluorometric Quantitation system (Life Technologies)	100		
ERS#######	PRJEB#####	Illumina NovaSeq 6000	SARS-CoV-2 library 3	VIRAL RNA	RT-PCR	AMPLICON	PAIRED	SARS-CoV-2-Sample3_1.fastq.gz	79fd9a51e0a56882ad33bcc8c1ab9cde	SARS-CoV-2-Sample3_2.fastq.gz	31b0061cb66950132e4cac8e559c8851			Amplicons were cleaned-up with AMPure XP beads (Beckman Coulter) with a 1:1 ratio and amplicon concentrations were quantified with the Qubit Fluorometric Quantitation system (Life Technologies)	100		
